actor_name,actor_id
Tim Robbins,1
Morgan Freeman,2
Bob Gunton,3
William Sadler,4
Marlon Brando,5
Al Pacino,6
James Caan,7
Diane Keaton,8
Christian Bale,9
Heath Ledger,10
Aaron Eckhart,11
Michael Caine,12
Robert De Niro,13
Robert Duvall,14
Henry Fonda,15
Lee J. Cobb,16
Martin Balsam,17
John Fiedler,18
Elijah Wood,19
Viggo Mortensen,20
Ian McKellen,21
Orlando Bloom,22
John Travolta,23
Uma Thurman,24
Samuel L. Jackson,25
Bruce Willis,26
Liam Neeson,27
Ralph Fiennes,28
Ben Kingsley,29
Caroline Goodall,30
Leonardo DiCaprio,31
Joseph Gordon-Levitt,32
Elliot Page,33
Ken Watanabe,34
Brad Pitt,35
Edward Norton,36
Meat Loaf,37
Zach Grenier,38
Sean Bean,39
Tom Hanks,40
Robin Wright,41
Gary Sinise,42
Sally Field,43
Clint Eastwood,44
Eli Wallach,45
Lee Van Cleef,46
Aldo Giuffrè,47
Lilly Wachowski,48
Keanu Reeves,49
Laurence Fishburne,50
Carrie-Anne Moss,51
Ray Liotta,52
Joe Pesci,53
Lorraine Bracco,54
Mark Hamill,55
Harrison Ford,56
Carrie Fisher,57
Billy Dee Williams,58
Jack Nicholson,59
Louise Fletcher,60
Michael Berryman,61
Peter Brocco,62
Lin-Manuel Miranda,63
Phillipa Soo,64
Leslie Odom Jr.,65
Renée Elise Goldsberry,66
Kang-ho Song,67
Lee Sun-kyun,68
Cho Yeo-jeong,69
Choi Woo-sik,70
Suriya,71
Madhavan,72
Paresh Rawal,73
Aparna Balamurali,74
Matthew McConaughey,75
Anne Hathaway,76
Jessica Chastain,77
Mackenzie Foy,78
Kátia Lund,79
Alexandre Rodrigues,80
Leandro Firmino,81
Matheus Nachtergaele,82
Daveigh Chase,83
Suzanne Pleshette,84
Miyu Irino,85
Rumi Hiiragi,86
Matt Damon,87
Tom Sizemore,88
Edward Burns,89
Michael Clarke Duncan,90
David Morse,91
Bonnie Hunt,92
Roberto Benigni,93
Nicoletta Braschi,94
Giorgio Cantarini,95
Giustino Durano,96
Kevin Spacey,97
Andrew Kevin Walker,98
Jodie Foster,99
Anthony Hopkins,100
Lawrence A. Bonney,101
Kasi Lemmons,102
Alec Guinness,103
Tatsuya Nakadai,104
Akira Ishihama,105
Shima Iwashita,106
Tetsurô Tanba,107
Toshirô Mifune,108
Takashi Shimura,109
Keiko Tsushima,110
Yukiko Shimazaki,111
James Stewart,112
Donna Reed,113
Lionel Barrymore,114
Thomas Mitchell,115
Joaquin Phoenix,116
Zazie Beetz,117
Frances Conroy,118
Miles Teller,119
J.K. Simmons,120
Melissa Benoist,121
Paul Reiser,122
Éric Toledano,123
François Cluzet,124
Omar Sy,125
Anne Le Ny,126
Hugh Jackman,127
Scarlett Johansson,128
Mark Wahlberg,129
Adrien Brody,130
Thomas Kretschmann,131
Frank Finlay,132
Emilia Fox,133
Russell Crowe,134
Connie Nielsen,135
Oliver Reed,136
Edward Furlong,137
Beverly D'Angelo,138
Jennifer Lien,139
Gabriel Byrne,140
Chazz Palminteri,141
Stephen Baldwin,142
Jean Reno,143
Gary Oldman,144
Natalie Portman,145
Danny Aiello,146
Rob Minkoff,147
Matthew Broderick,148
Jeremy Irons,149
James Earl Jones,150
Arnold Schwarzenegger,151
Linda Hamilton,152
Robert Patrick,153
Philippe Noiret,154
Enzo Cannavale,155
Antonella Attili,156
Isa Danieli,157
Tsutomu Tatsumi,158
Ayano Shiraishi,159
Akemi Yamaguchi,160
Yoshiko Shinohara,161
Michael J. Fox,162
Christopher Lloyd,163
Lea Thompson,164
Crispin Glover,165
Charles Bronson,166
Claudia Cardinale,167
Jason Robards,168
Anthony Perkins,169
Janet Leigh,170
Vera Miles,171
John Gavin,172
Humphrey Bogart,173
Ingrid Bergman,174
Paul Henreid,175
Claude Rains,176
Charles Chaplin,177
Paulette Goddard,178
Henry Bergman,179
Tiny Sandford,180
Virginia Cherrill,181
Florence Lee,182
Harry Myers,183
Zain Al Rafeea,184
Yordanos Shiferaw,185
Boluwatife Treasure Bankole,186
Kawsar Al Haddad,187
Erdem Can,188
Çetin Tekindor,189
Ismail Hacioglu,190
Kyung-jin Lee,191
Pushkar,192
Vijay Sethupathi,193
Shraddha Srinath,194
Ryûnosuke Kamiki,195
Mone Kamishiraishi,196
Ryô Narita,197
Aoi Yûki,198
Aamir Khan,199
Sakshi Tanwar,200
Fatima Sana Shaikh,201
Sanya Malhotra,202
Peter Ramsey,203
Rodney Rothman,204
Shameik Moore,205
Jake Johnson,206
Joe Russo,207
Robert Downey Jr.,208
Chris Evans,209
Mark Ruffalo,210
Chris Hemsworth,211
Adrian Molina,212
Anthony Gonzalez,213
Gael García Bernal,214
Benjamin Bratt,215
Jamie Foxx,216
Christoph Waltz,217
Kerry Washington,218
Tom Hardy,219
Mona Singh,220
Sharman Joshi,221
Amole Gupte,222
Darsheel Safary,223
Tisca Chopra,224
Ben Burtt,225
Elissa Knight,226
Jeff Garlin,227
Fred Willard,228
Ulrich Mühe,229
Martina Gedeck,230
Sebastian Koch,231
Ulrich Tukur,232
Choi Min-sik,233
Yoo Ji-Tae,234
Kang Hye-jeong,235
Kim Byeong-Ok,236
Guy Pearce,237
Joe Pantoliano,238
Mark Boone Junior,239
Yôji Matsuda,240
Yuriko Ishida,241
Yûko Tanaka,242
Billy Crudup,243
James Woods,244
Elizabeth McGovern,245
Treat Williams,246
Karen Allen,247
Paul Freeman,248
John Rhys-Davies,249
Shelley Duvall,250
Danny Lloyd,251
Scatman Crothers,252
Martin Sheen,253
Frederic Forrest,254
Sigourney Weaver,255
Tom Skerritt,256
John Hurt,257
Veronica Cartwright,258
Rajesh Khanna,259
Amitabh Bachchan,260
Sumita Sanyal,261
Ramesh Deo,262
Yutaka Sada,263
Kyôko Kagawa,264
Peter Sellers,265
George C. Scott,266
Sterling Hayden,267
Keenan Wynn,268
Tyrone Power,269
Marlene Dietrich,270
Charles Laughton,271
Elsa Lanchester,272
Kirk Douglas,273
Ralph Meeker,274
Adolphe Menjou,275
George Macready,276
Grace Kelly,277
Wendell Corey,278
Thelma Ritter,279
William Holden,280
Gloria Swanson,281
Erich von Stroheim,282
Nancy Olson,283
Jack Oakie,284
Reginald Gardiner,285
Dean-Charles Chapman,286
George MacKay,287
Daniel Mays,288
Colin Firth,289
Anand Gandhi,290
Adesh Prasad,291
Sohum Shah,292
Jyoti Malshe,293
Ayushmann Khurrana,294
Tabu,295
Radhika Apte,296
Anil Dhawan,297
Mohanlal,298
Meena,299
Asha Sharath,300
Ansiba,301
Mads Mikkelsen,302
Thomas Bo Larsen,303
Annika Wedderkopp,304
Lasse Fogelstrøm,305
Payman Maadi,306
Leila Hatami,307
Sareh Bayat,308
Shahab Hosseini,309
Lubna Azabal,310
Mélissa Désormeaux-Poulin,311
Maxim Gaudette,312
Mustafa Kamel,313
Aras Bulut Iynemli,314
Nisa Sofiya Aksongur,315
Deniz Baysal,316
Celile Toyon Uysal,317
Fikret Kuskan,318
Hümeyra,319
Ege Tanman,320
Diane Kruger,321
Eli Roth,322
Mélanie Laurent,323
Jim Carrey,324
Kate Winslet,325
Tom Wilkinson,326
Gerry Robert Byrne,327
Audrey Tautou,328
Mathieu Kassovitz,329
Rufus,330
Lorella Cravotta,331
Jason Statham,332
Benicio Del Toro,333
Dennis Farina,334
Ellen Burstyn,335
Jared Leto,336
Jennifer Connelly,337
Marlon Wayans,338
Annette Bening,339
Thora Birch,340
Wes Bentley,341
Robin Williams,342
Ben Affleck,343
Stellan Skarsgård,344
Mohammad Amir Naji,345
Amir Farrokh Hashemian,346
Bahare Seddiqi,347
Nafise Jafar-Mohammadi,348
Tim Allen,349
Don Rickles,350
Jim Varney,351
Mel Gibson,352
Sophie Marceau,353
Patrick McGoohan,354
Angus Macfadyen,355
Harvey Keitel,356
Tim Roth,357
Michael Madsen,358
Chris Penn,359
Matthew Modine,360
R. Lee Ermey,361
Vincent D'Onofrio,362
Adam Baldwin,363
Aleksey Kravchenko,364
Olga Mironova,365
Liubomiras Laucevicius,366
Vladas Bagdonas,367
Michael Biehn,368
Carrie Henn,369
F. Murray Abraham,370
Tom Hulce,371
Elizabeth Berridge,372
Roy Dotrice,373
Michelle Pfeiffer,374
Steven Bauer,375
Mary Elizabeth Mastrantonio,376
Jürgen Prochnow,377
Herbert Grönemeyer,378
Klaus Wennemann,379
Hubertus Bengsch,380
Cybill Shepherd,381
Albert Brooks,382
Paul Newman,383
Robert Redford,384
Robert Shaw,385
Charles Durning,386
Malcolm McDowell,387
Patrick Magee,388
Michael Bates,389
Warren Clarke,390
Keir Dullea,391
Gary Lockwood,392
William Sylvester,393
Daniel Richter,394
Gian Maria Volontè,395
Mara Krupp,396
Peter O'Toole,397
Anthony Quinn,398
Jack Hawkins,399
Jack Lemmon,400
Shirley MacLaine,401
Fred MacMurray,402
Ray Walston,403
Cary Grant,404
Eva Marie Saint,405
James Mason,406
Jessie Royce Landis,407
Kim Novak,408
Barbara Bel Geddes,409
Tom Helmore,410
Gene Kelly,411
Donald O'Connor,412
Debbie Reynolds,413
Nobuo Kaneko,414
Shin'ichi Himori,415
Haruo Tanaka,416
Lamberto Maggiorani,417
Enzo Staiola,418
Lianella Carell,419
Elena Altieri,420
Barbara Stanwyck,421
Edward G. Robinson,422
Byron Barr,423
Orson Welles,424
Joseph Cotten,425
Dorothy Comingore,426
Agnes Moorehead,427
Peter Lorre,428
Ellen Widmann,429
Inge Landgut,430
Otto Wernicke,431
Brigitte Helm,432
Alfred Abel,433
Gustav Fröhlich,434
Rudolf Klein-Rogge,435
Edna Purviance,436
Jackie Coogan,437
Carl Miller,438
Sushant Singh Rajput,439
Shraddha Kapoor,440
Varun Sharma,441
Prateik,442
Vicky Kaushal,443
Mohit Raina,444
Yami Gautam,445
Yash,446
Srinidhi Shetty,447
Ramachandra Raju,448
Archana Jois,449
Mahershala Ali,450
Linda Cardellini,451
Sebastian Maniscalco,452
Frances McDormand,453
Woody Harrelson,454
Sam Rockwell,455
Caleb Landry Jones,456
Irrfan Khan,457
Konkona Sen Sharma,458
Neeraj Kabi,459
Prabhas,460
Rana Daggubati,461
Anushka Shetty,462
Tamannaah Bhatia,463
Carlos Martínez López,464
Jason Schwartzman,465
Rashida Jones,466
Ajay Devgn,467
Shriya Saran,468
Rajat Kapoor,469
Kangana Ranaut,470
Rajkummar Rao,471
Lisa Haydon,472
Jeffrey Ho,473
Lembit Ulfsak,474
Elmo Nüganen,475
Giorgi Nakashidze,476
Misha Meskhi,477
Farhan Akhtar,478
Sonam Kapoor,479
Pawan Malhotra,480
Art Malik,481
Manoj Bajpayee,482
Richa Chadha,483
Nawazuddin Siddiqui,484
Tigmanshu Dhulia,485
Rajat Barmecha,486
Ronit Roy,487
Manjot Singh,488
Ram Kapoor,489
Mahie Gill,490
Rajesh Abhay,491
Hemendra Dandotiya,492
Ricardo Darín,493
Soledad Villamil,494
Pablo Rago,495
Carla Quevedo,496
Nick Nolte,497
Joel Edgerton,498
Jennifer Morrison,499
Emily Mortimer,500
Bob Peterson,501
Edward Asner,502
Jordan Nagai,503
John Ratzenberger,504
Jonah Hill,505
Margot Robbie,506
Shah Rukh Khan,507
Vidya Malvade,508
Sagarika Ghatge,509
Shilpa Shukla,510
Daniel Day-Lewis,511
Paul Dano,512
Ciarán Hinds,513
Martin Stringer,514
Ivana Baquero,515
Ariadna Gil,516
Sergi López,517
Maribel Verdú,518
Joan Cusack,519
Ned Beatty,520
Hugo Weaving,521
Rupert Graves,522
Stephen Rea,523
Soha Ali Khan,524
Siddharth,525
Rani Mukerji,526
Shernaz Patel,527
Ayesha Kapoor,528
Gayatri Joshi,529
Kishori Ballal,530
Smit Sheth,531
Bruno Ganz,532
Alexandra Maria Lara,533
Ulrich Matthes,534
Juliane Köhler,535
Chieko Baishô,536
Takuya Kimura,537
Tatsuya Gashûin,538
Akihiro Miwa,539
Ed Harris,540
Christopher Plummer,541
Akshay Kumar,542
Sunil Shetty,543
Jason Flemyng,544
Dexter Fletcher,545
Nick Moran,546
Kim Basinger,547
Sener Sen,548
Ugur Yücel,549
Sermin Hürmeriç,550
Yesim Salkim,551
Val Kilmer,552
Jon Voight,553
Sharon Stone,554
Salman Khan,555
Raveena Tandon,556
Karisma Kapoor,557
Gene Hackman,558
Richard Harris,559
Sean Connery,560
Alison Doody,561
Denholm Elliott,562
Davor Dujmovic,563
Bora Todorovic,564
Ljubica Adzovic,565
Husnija Hasimovic,566
Hitoshi Takagi,567
Noriko Hidaka,568
Chika Sakamoto,569
Shigesato Itoi,570
Alan Rickman,571
Bonnie Bedelia,572
Reginald VelJohnson,573
Akira Terao,574
Jinpachi Nezu,575
Daisuke Ryû,576
Cathy Moriarty,577
Frank Vincent,578
Alisa Freyndlikh,579
Aleksandr Kaydanovskiy,580
Anatoliy Solonitsyn,581
Nikolay Grinko,582
Liv Ullmann,583
Lena Nyman,584
Halvar Björk,585
Irene Papas,586
Michael Ansara,587
Johnny Sekka,588
Sanjeev Kumar,589
Dharmendra,590
Amjad Khan,591
Terry Jones,592
Graham Chapman,593
John Cleese,594
Eric Idle,595
Steve McQueen,596
James Garner,597
Richard Attenborough,598
Gregory Peck,599
John Megna,600
Frank Overton,601
Rosemary Murphy,602
Eijirô Tôno,603
Yôko Tsukasa,604
Spencer Tracy,605
Burt Lancaster,606
Richard Widmark,607
Marilyn Monroe,608
Tony Curtis,609
George Raft,610
Victor Sjöström,611
Bibi Andersson,612
Ingrid Thulin,613
Gunnar Björnstrand,614
Max von Sydow,615
Bengt Ekerot,616
Nils Poppe,617
Jean Servais,618
Carl Möhner,619
Robert Manuel,620
Janine Darcey,621
Ray Milland,622
Robert Cummings,623
John Williams,624
Chishû Ryû,625
Chieko Higashiyama,626
Sô Yamamura,627
Setsuko Hara,628
Machiko Kyô,629
Masayuki Mori,630
Bette Davis,631
Anne Baxter,632
George Sanders,633
Celeste Holm,634
Walter Huston,635
Tim Holt,636
Bruce Bennett,637
Carole Lombard,638
Jack Benny,639
Robert Stack,640
Felix Bressart,641
Mack Swain,642
Tom Murray,643
Buster Keaton,644
Kathryn McGuire,645
Joe Keaton,646
Erwin Connelly,647
Noémie Merlant,648
Adèle Haenel,649
Luàna Bajrami,650
Valeria Golino,651
Taapsee Pannu,652
Kirti Kulhari,653
Andrea Tariang,654
Saori Hayami,655
Kenshô Ono,656
Mario Casas,657
Ana Wagener,658
Jose Coronado,659
Bárbara Lennie,660
Kim Min-hee,661
Jung-woo Ha,662
Cho Jin-woong,663
Moon So-Ri,664
Anne Dorval,665
Antoine Olivier Pilon,666
Suzanne Clément,667
Patrick Huard,668
Shahid Kapoor,669
Kay Kay Menon,670
Patrick Stewart,671
Dafne Keen,672
Boyd Holbrook,673
Brie Larson,674
Jacob Tremblay,675
Sean Bridgers,676
Wendy Crewson,677
Darío Grandinetti,678
María Marull,679
Mónica Villa,680
Diego Starosta,681
Kemp Powers,682
Tina Fey,683
Graham Norton,684
Haluk Bilginer,685
Melisa Sözen,686
Demet Akbag,687
Ayberk Pekcan,688
Anushka Sharma,689
Sanjay Dutt,690
Boman Irani,691
Mithun Chakraborty,692
Mahesh Manjrekar,693
Mathieu Amalric,694
Rosamund Pike,695
Neil Patrick Harris,696
Tyler Perry,697
Aoi Miyazaki,698
Takao Osawa,699
Haru Kuroki,700
Yukito Nishii,701
Andrew Garfield,702
Sam Worthington,703
Luke Bracey,704
Teresa Palmer,705
Ronnie Del Carmen,706
Amy Poehler,707
Bill Hader,708
Lewis Black,709
Ranbir Kapoor,710
Priyanka Chopra,711
Ileana D'Cruz,712
Saurabh Shukla,713
Chiwetel Ejiofor,714
Michael Kenneth Williams,715
Michael Fassbender,716
Daniel Brühl,717
Olivia Wilde,718
Jon Bernthal,719
Caitriona Balfe,720
Michael Keaton,721
Rachel McAdams,722
Liev Schreiber,723
David Rawle,724
Brendan Gleeson,725
Lisa Hannigan,726
Fionnula Flanagan,727
Vidya Balan,728
Parambrata Chattopadhyay,729
Indraneil Sengupta,730
Hrithik Roshan,731
Abhay Deol,732
Katrina Kaif,733
Jake Gyllenhaal,734
Viola Davis,735
Melissa Leo,736
Charlize Theron,737
Nicholas Hoult,738
Zoë Kravitz,739
Anupam Kher,740
Naseeruddin Shah,741
Jimmy Sheirgill,742
Aamir Bashir,743
Bee Vang,744
Christopher Carley,745
Ahney Her,746
Daniel Radcliffe,747
Emma Watson,748
Rupert Grint,749
Michael Gambon,750
Masahiro Motoki,751
Ryôko Hirosue,752
Tsutomu Yamazaki,753
Kazuko Yoshiyuki,754
Richard Gere,755
Joan Allen,756
Cary-Hiroyuki Tagawa,757
Sarah Roemer,758
Toni Collette,759
Philip Seymour Hoffman,760
Eric Bana,761
Barry Humphries,762
Chris Sanders,763
Jay Baruchel,764
Gerard Butler,765
Christopher Mintz-Plasse,766
Emile Hirsch,767
Vince Vaughn,768
Catherine Keener,769
Marcia Gay Harden,770
Joel Coen,771
Tommy Lee Jones,772
Javier Bardem,773
Josh Brolin,774
Arshad Warsi,775
Hilary Swank,776
Don Cheadle,777
Sophie Okonedo,778
Xolani Mali,779
Jang Dong-Gun,780
Won Bin,781
Eun-ju Lee,782
Hyeong-jin Kong,783
Ethan Hawke,784
Julie Delpy,785
Vernon Dobtcheff,786
Louise Lemoine Torrès,787
Gracy Singh,788
Sunil Dutt,789
Kim Sang-kyung,790
Roe-ha Kim,791
Jae-ho Song,792
Saif Ali Khan,793
Akshaye Khanna,794
Preity Zinta,795
David Carradine,796
Daryl Hannah,797
Lee Unkrich,798
Ellen DeGeneres,799
Alexander Gould,800
Christopher Walken,801
Emilio Echevarría,802
Goya Toledo,803
Álvaro Guerrero,804
David Silverman,805
Billy Crystal,806
John Goodman,807
Kazuya Tsurumaki,808
Megumi Ogata,809
Megumi Hayashibara,810
Yûko Miyamura,811
Raghuvir Yadav,812
Rachel Shelley,813
Haley Joel Osment,814
Olivia Williams,815
Pruitt Taylor Vince,816
Mélanie Thierry,817
Bill Nunn,818
Laura Linney,819
Noah Emmerich,820
Bajram Severdzan,821
Srdjan 'Zika' Todorovic,822
Branka Katic,823
Florijan Ajdini,824
Ethan Coen,825
Jeff Bridges,826
Julianne Moore,827
Tony Chiu-Wai Leung,828
Maggie Cheung,829
Ping Lam Siu,830
Tung Cho 'Joe' Cheung,831
Ewan McGregor,832
Ewen Bremner,833
Jonny Lee Miller,834
Kevin McKidd,835
William H. Macy,836
Steve Buscemi,837
Predrag 'Miki' Manojlovic,838
Lazar Ristovski,839
Mirjana Jokovic,840
Slavko Stimac,841
Vincent Cassel,842
Hubert Koundé,843
Saïd Taghmaoui,844
Abdel Ahmed Ghili,845
Kajol,846
Amrish Puri,847
Farida Jalal,848
Andrea Eckert,849
Hanno Pöschl,850
Irène Jacob,851
Jean-Louis Trintignant,852
Frédérique Feder,853
Jean-Pierre Lorit,854
Brigitte Lin,855
Takeshi Kaneshiro,856
Faye Wong,857
Sam Neill,858
Laura Dern,859
Jeff Goldblum,860
Pete Postlethwaite,861
Alison Crosbie,862
Philip King,863
Leslie Cheung,864
Fengyi Zhang,865
Gong Li,866
You Ge,867
Jingwu Ma,868
Saifei He,869
Cuifen Cao,870
Robert Sean Leonard,871
Josh Charles,872
Wil Wheaton,873
River Phoenix,874
Corey Feldman,875
Jerry O'Connell,876
Charlie Sheen,877
Tom Berenger,878
Willem Dafoe,879
Keith David,880
Harry Dean Stanton,881
Nastassja Kinski,882
Dean Stockwell,883
Aurore Clément,884
Sumi Shimamoto,885
Mahito Tsujimura,886
Hisako Kyôda,887
Gorô Naya,888
Kurt Russell,889
Wilford Brimley,890
Richard Masur,891
Bob Geldof,892
Christine Hargreaves,893
James Laurenson,894
Eleanor David,895
Klaus Kinski,896
José Lewgoy,897
Miguel Ángel Fuentes,898
Bertil Guve,899
Pernilla Allwin,900
Kristina Adolphson,901
Börje Ahlstedt,902
Rutger Hauer,903
Sean Young,904
Edward James Olmos,905
Anne Bancroft,906
John Gielgud,907
Michael Palin,908
Terry Gilliam,909
John Cazale,910
John Savage,911
Sylvester Stallone,912
Talia Shire,913
Burt Young,914
Carl Weathers,915
Faye Dunaway,916
Peter Finch,917
Ryan O'Neal,918
Marisa Berenson,919
Hardy Krüger,920
Margarita Terekhova,921
Filipp Yankovskiy,922
Ignat Daniltsev,923
Oleg Yankovskiy,924
John Huston,925
Perry Lopez,926
Tatum O'Neal,927
Madeline Kahn,928
John Hillerman,929
Harriet Andersson,930
Kari Sylwan,931
Natalya Bondarchuk,932
Donatas Banionis,933
Jüri Järvet,934
Vladislav Dvorzhetskiy,935
Alain Delon,936
François Périer,937
Nathalie Delon,938
Cathy Rosier,939
George Kennedy,940
Strother Martin,941
J.D. Cannon,942
Margaretha Krook,943
Ivan Lapikov,944
Nikolay Sergeev,945
Brahim Hadjadj,946
Jean Martin,947
Yacef Saadi,948
Samia Kerbash,949
Silvia Pinal,950
Jacqueline Andere,951
Enrique Rambal,952
José Baviera,953
Joan Crawford,954
Victor Buono,955
Wesley Addy,956
Keiju Kobayashi,957
Yûnosuke Itô,958
John Wayne,959
Lee Marvin,960
Eduard Abalov,961
Nikolay Burlyaev,962
Valentin Zubkov,963
Evgeniy Zharikov,964
Birgitta Valberg,965
Gunnel Lindblom,966
Birgitta Pettersson,967
Fredric March,968
Dick York,969
Jean-Pierre Léaud,970
Albert Rémy,971
Claire Maurier,972
Guy Decomble,973
Charlton Heston,974
Stephen Boyd,975
Haya Harareet,976
Misa Uehara,977
Minoru Chiaki,978
Kamatari Fujiwara,979
Giulietta Masina,980
Franca Marzi,981
Dorian Gray,982
Isuzu Yamada,983
Sessue Hayakawa,984
Karl Malden,985
Rod Steiger,986
Yves Montand,987
Charles Vanel,988
Peter van Eyck,989
Folco Lulli,990
Jan Sterling,991
Robert Arthur,992
Porter Hall,993
James Cagney,994
Virginia Mayo,995
Edmond O'Brien,996
Margaret Wycherly,997
Alida Valli,998
Trevor Howard,999
Emeric Pressburger,1000
Anton Walbrook,1001
Marius Goring,1002
Moira Shearer,1003
Margaret Sullavan,1004
Frank Morgan,1005
Joseph Schildkraut,1006
Laurence Olivier,1007
Joan Fontaine,1008
Judith Anderson,1009
Jean Arthur,1010
Edward Arnold,1011
George Cukor,1012
Sam Wood,1013
Clark Gable,1014
Vivien Leigh,1015
Jean Gabin,1016
Dita Parlo,1017
Pierre Fresnay,1018
Claudette Colbert,1019
Walter Connolly,1020
Roscoe Karns,1021
Maria Falconetti,1022
Eugene Silvain,1023
André Berley,1024
Maurice Schutz,1025
Merna Kennedy,1026
Al Ernest Garcia,1027
Harry Crocker,1028
George O'Brien,1029
Janet Gaynor,1030
Margaret Livingston,1031
Bodil Rosing,1032
Marion Mack,1033
Glen Cavender,1034
Werner Krauss,1035
Conrad Veidt,1036
Friedrich Feher,1037
Lil Dagover,1038
Neena Gupta,1039
Gajraj Rao,1040
Julianne Nicholson,1041
Christopher Heyerdahl,1042
Richard Dormer,1043
Nimrat Kaur,1044
Kumud Mishra,1045
Prakash Belawadi,1046
Harshaali Malhotra,1047
Kareena Kapoor,1048
Danny Denzongpa,1049
Ryan Gosling,1050
Emma Stone,1051
Rosemarie DeWitt,1052
Dev Patel,1053
Nicole Kidman,1054
Rooney Mara,1055
Sunny Pawar,1056
Kristen Wiig,1057
Kate Mara,1058
Rich Moore,1059
Jared Bush,1060
Ginnifer Goodwin,1061
Jason Bateman,1062
Ramya Krishnan,1063
Sathyaraj,1064
Chloë Grace Moretz,1065
Mary Steenburgen,1066
James Marsden,1067
Owen Wilson,1068
Izabela Vidovic,1069
Julia Roberts,1070
Vijay Varma,1071
Nakul Roshan Sahdev,1072
Ranveer Singh,1073
Vijay Raaz,1074
Frantz Turner,1075
John Gallagher Jr.,1076
Kaitlyn Dever,1077
Iko Uwais,1078
Yayan Ruhian,1079
Arifin Putra,1080
Oka Antara,1081
Benedict Cumberbatch,1082
Keira Knightley,1083
Matthew Goode,1084
Allen Leech,1085
Chris Pratt,1086
Vin Diesel,1087
Bradley Cooper,1088
Zoe Saldana,1089
Ana de Armas,1090
Dave Bautista,1091
Amy Adams,1092
Rami Malek,1093
Lucy Boynton,1094
Gwilym Lee,1095
Ben Hardy,1096
Will Poulter,1097
Domhnall Gleeson,1098
Logan Lerman,1099
Ezra Miller,1100
Paul Rudd,1101
Wagner Moura,1102
Irandhir Santos,1103
André Ramiro,1104
Milhem Cortaz,1105
Geoffrey Rush,1106
Helena Bonham Carter,1107
Derek Jacobi,1108
Octavia Spencer,1109
Bryce Dallas Howard,1110
Ryan Reynolds,1111
Morena Baccarin,1112
T.J. Miller,1113
Ed Skrein,1114
Golshifteh Farahani,1115
Taraneh Alidoosti,1116
Merila Zare'i,1117
Kalki Koechlin,1118
Dibyendu Bhattacharya,1119
Donnie Yen,1120
Simon Yam,1121
Siu-Wong Fan,1122
Ka Tung Lam,1123
Sheetal Menon,1124
Katie A. Keane,1125
Mete Horozoglu,1126
Ilker Kizmaz,1127
Baris Bagci,1128
Loveleen Tandan,1129
Freida Pinto,1130
Mila Kunis,1131
Winona Ryder,1132
Caio Junqueira,1133
Jeremy Renner,1134
Marjane Satrapi,1135
Chiara Mastroianni,1136
Catherine Deneuve,1137
Gena Rowlands,1138
Jennifer Garner,1139
Steve Zahn,1140
Will Smith,1141
Thandie Newton,1142
Jaden Smith,1143
Brian Howe,1144
Djimon Hounsou,1145
Kagiso Kuypers,1146
Edgar Ramírez,1147
Julia Stiles,1148
Seung-Yun Lee,1149
Hee Jae,1150
Hyuk-ho Kwon,1151
Jin-mo Joo,1152
Quentin Tarantino,1153
Robert Rodriguez,1154
Mickey Rourke,1155
Clive Owen,1156
Laura Obiols,1157
Emmanuelle Seigner,1158
Marie-Josée Croze,1159
Cem Yilmaz,1160
Özge Özberk,1161
Ozan Güven,1162
Safak Sezer,1163
Jan Pinkava,1164
Brad Garrett,1165
Lou Romano,1166
Patton Oswalt,1167
Daniel Craig,1168
Eva Green,1169
Judi Dench,1170
Jeffrey Wright,1171
Vladimir Garin,1172
Ivan Dobronravov,1173
Konstantin Lavronenko,1174
Nataliya Vdovina,1175
Ki-duk Kim,1176
Yeong-su Oh,1177
Jong-ho Kim,1178
Kim Young-Min,1179
Belén Rueda,1180
Lola Dueñas,1181
Mabel Rivera,1182
Renée Zellweger,1183
Craig Bierko,1184
Paul Giamatti,1185
Jaya Bachchan,1186
Alan Mak,1187
Andy Lau,1188
Anthony Chau-Sang Wong,1189
Johnny Depp,1190
Albert Finney,1191
Jessica Lange,1192
Craig T. Nelson,1193
Holly Hunter,1194
Jason Lee,1195
Tae-Hyun Cha,1196
Jun Ji-Hyun,1197
In-mun Kim,1198
Song Wok-suk,1199
Paul Bettany,1200
Lauren Bacall,1201
Ömer Faruk Sorak,1202
Yilmaz Erdogan,1203
Altan Erkekli,1204
Jena Malone,1205
Mary McDonnell,1206
Holmes Osborne,1207
Tom Cruise,1208
Björk,1209
Peter Stormare,1210
Richard Farnsworth,1211
Sissy Spacek,1212
Jane Galloway Heitz,1213
Joseph A. Carpenter,1214
Junko Iwao,1215
Rica Matsumoto,1216
Shinpachi Tsuji,1217
Masaaki Ôkura,1218
Ulrich Thomsen,1219
Henning Moritzen,1220
Paprika Steen,1221
Fernanda Montenegro,1222
Vinícius de Oliveira,1223
Marília Pêra,1224
Soia Lira,1225
Eli Marienthal,1226
Harry Connick Jr.,1227
Jennifer Aniston,1228
Til Schweiger,1229
Jan Josef Liefers,1230
Thierry van Werveke,1231
Moritz Bleibtreu,1232
Billy Bob Thornton,1233
Dwight Yoakam,1234
J.T. Walsh,1235
John Ritter,1236
Timothy Spall,1237
Brenda Blethyn,1238
Phyllis Logan,1239
Claire Rushbrook,1240
Madeleine Stowe,1241
Joseph Melito,1242
Atsuko Tanaka,1243
Iemasa Kayumi,1244
Akio Ôtsuka,1245
Kôichi Yamadera,1246
Danny Elfman,1247
Chris Sarandon,1248
Catherine O'Hara,1249
William Hickey,1250
Bill Murray,1251
Andie MacDowell,1252
Chris Elliott,1253
Stephen Tobolowsky,1254
Damian Chapa,1255
Jesse Borrego,1256
Enrique Castillo,1257
Chris O'Donnell,1258
James Rebhorn,1259
Gabrielle Anwar,1260
John Musker,1261
Scott Weinger,1262
Linda Larkin,1263
Kevin Costner,1264
Walter Matthau,1265
Kirk Wise,1266
Paige O'Hara,1267
Robby Benson,1268
Jesse Corti,1269
Graham Greene,1270
Rodney A. Grant,1271
Ossie Davis,1272
Ruby Dee,1273
Richard Edson,1274
Dustin Hoffman,1275
Gerald R. Molen,1276
Mitsuo Iwata,1277
Nozomu Sasaki,1278
Mami Koyama,1279
Tesshô Genda,1280
Cary Elwes,1281
Mandy Patinkin,1282
Solveig Dommartin,1283
Otto Sander,1284
Curt Bois,1285
Gaspard Manesse,1286
Raphael Fejtö,1287
Francine Racette,1288
Stanislas Carré de Malberg,1289
Mayumi Tanaka,1290
Keiko Yokozawa,1291
Kotoe Hatsui,1292
Minori Terada,1293
Paul Winfield,1294
Rohini Hattangadi,1295
Roshan Seth,1296
Ken'ichi Hagiwara,1297
Melvyn Douglas,1298
Jack Warden,1299
Woody Allen,1300
Tony Roberts,1301
Carol Kane,1302
Roy Scheider,1303
Richard Dreyfuss,1304
Lorraine Gary,1305
Penelope Allen,1306
Sully Boyar,1307
Gene Wilder,1308
Marty Feldman,1309
Peter Boyle,1310
Victor Jory,1311
Don Gordon,1312
Linda Blair,1313
Alec Cawthorne,1314
John Matthews,1315
Timothy Bottoms,1316
Ben Johnson,1317
Topol,1318
Norma Crane,1319
Leonard Frey,1320
Molly Picon,1321
Stefania Sandrelli,1322
Gastone Moschin,1323
Enzo Tarascio,1324
Katharine Ross,1325
Mia Farrow,1326
John Cassavetes,1327
Ruth Gordon,1328
Sidney Blackmer,1329
Roddy McDowall,1330
Kim Hunter,1331
Maurice Evans,1332
William Daniels,1333
Elizabeth Taylor,1334
Richard Burton,1335
George Segal,1336
Sandy Dennis,1337
Julie Andrews,1338
Eleanor Parker,1339
Richard Haydn,1340
Omar Sharif,1341
Julie Christie,1342
Geraldine Chaplin,1343
Marianne Koch,1344
Wolfgang Lukschy,1345
Marcello Mastroianni,1346
Anouk Aimée,1347
Sandra Milo,1348
Anna Karina,1349
Sady Rebbot,1350
André S. Labarthe,1351
Guylaine Schlumberger,1352
Jackie Gleason,1353
Piper Laurie,1354
Anita Ekberg,1355
Yvonne Furneaux,1356
Dean Martin,1357
Ricky Nelson,1358
Angie Dickinson,1359
Lee Remick,1360
Ben Gazzara,1361
Arthur O'Connell,1362
Joseph Calleia,1363
Burl Ives,1364
Jack Carson,1365
Susan Harrison,1366
Martin Milner,1367
Coleen Gray,1368
Vince Edwards,1369
Jay C. Flippen,1370
Robert Mitchum,1371
Shelley Winters,1372
Lillian Gish,1373
James Gleason,1374
Richard Basehart,1375
Aldo Silvani,1376
Simone Signoret,1377
Véra Clouzot,1378
Paul Meurisse,1379
Don Taylor,1380
Otto Preminger,1381
Robert Strauss,1382
Audrey Hepburn,1383
Eddie Albert,1384
Hartley Power,1385
Gloria Grahame,1386
Frank Lovejoy,1387
Carl Benton Reid,1388
Dennis Price,1389
Valerie Hobson,1390
Joan Greenwood,1391
John Dall,1392
Farley Granger,1393
Dick Hogan,1394
Jane Greer,1395
Rhonda Fleming,1396
Celia Johnson,1397
Stanley Holloway,1398
Joyce Carey,1399
Gene Tierney,1400
Dana Andrews,1401
Clifton Webb,1402
Vincent Price,1403
Myrna Loy,1404
Teresa Wright,1405
Priscilla Lane,1406
Raymond Massey,1407
Mary Astor,1408
Gladys George,1409
Jane Darwell,1410
John Carradine,1411
Charley Grapewin,1412
Mervyn LeRoy,1413
Norman Taurog,1414
Richard Thorpe,1415
Marcel Dalio,1416
Nora Gregor,1417
Paulette Dubost,1418
Mila Parély,1419
William Powell,1420
Maureen O'Sullivan,1421
Nat Pendleton,1422
Lew Ayres,1423
Louis Wolheim,1424
John Wray,1425
Arnold Lucy,1426
Aleksandr Antonov,1427
Vladimir Barskiy,1428
Grigoriy Aleksandrov,1429
Ivan Bobrov,1430
Jamie Lee Curtis,1431
Sanjana Sanghi,1432
Sahil Vaid,1433
Saswata Chatterjee,1434
Lily Franky,1435
Sakura Andô,1436
Kirin Kiki,1437
Mayu Matsuoka,1438
Adam Driver,1439
Julia Greer,1440
Azhy Robertson,1441
Armie Hammer,1442
Timothée Chalamet,1443
Michael Stuhlbarg,1444
Amira Casar,1445
Dave Johns,1446
Hayley Squires,1447
Sharon Percy,1448
Bryan Cranston,1449
Koyu Rankin,1450
Bob Balaban,1451
Julian Dennison,1452
Rima Te Wiata,1453
Rachel House,1454
Samantha Isler,1455
Annalise Basso,1456
Ferdia Walsh-Peelo,1457
Aidan Gillen,1458
Maria Doyle Kennedy,1459
Jack Reynor,1460
Tom Hiddleston,1461
Cate Blanchett,1462
Rene Russo,1463
Bill Paxton,1464
Riz Ahmed,1465
Roman Griffin Davis,1466
Thomasin McKenzie,1467
Taika Waititi,1468
Forest Whitaker,1469
Daisy Ridley,1470
John Boyega,1471
Oscar Isaac,1472
Seamus Davey-Fitzpatrick,1473
Ariane Labed,1474
James McAvoy,1475
Muhammet Uzuner,1476
Taner Birsel,1477
Ahmet Mümtaz Taylan,1478
Jean Dujardin,1479
Bérénice Bejo,1480
James Cromwell,1481
Emily Blunt,1482
Emmanuelle Riva,1483
Isabelle Huppert,1484
Alexandre Tharaud,1485
Tahar Rahim,1486
Niels Arestrup,1487
Adel Bencherif,1488
Reda Kateb,1489
Dominique McElligott,1490
Rosie Shaw,1491
Kåre Hedebrant,1492
Lina Leandersson,1493
Per Ragnar,1494
Henrik Dahl,1495
Sharlto Copley,1496
David James,1497
Jason Cope,1498
Nathalie Boltt,1499
Marisa Tomei,1500
Evan Rachel Wood,1501
Mark Margolis,1502
Tarun Arora,1503
Dara Singh,1504
Ellar Coltrane,1505
Patricia Arquette,1506
Elijah Smith,1507
Anamaria Marinca,1508
Laura Vasiliu,1509
Vlad Ivanov,1510
Alexandru Potocean,1511
Chris Pine,1512
Zachary Quinto,1513
Simon Pegg,1514
Leonard Nimoy,1515
Colin Farrell,1516
Elizabeth Berrington,1517
David Lee Smith,1518
Tony Todd,1519
John Billingsley,1520
Ellen Crawford,1521
Kazunari Ninomiya,1522
Tsuyoshi Ihara,1523
Ryô Kase,1524
Lee Pace,1525
Catinca Untaru,1526
Justine Waddell,1527
Kim Uylenbroek,1528
Suraj Sharma,1529
Adil Hussain,1530
George Clooney,1531
Meryl Streep,1532
Michel Côté,1533
Marc-André Grondin,1534
Danielle Proulx,1535
Émile Vallée,1536
Gérard Jugnot,1537
François Berléand,1538
Jean-Baptiste Maunier,1539
Kad Merad,1540
Gwyneth Paltrow,1541
Terrence Howard,1542
Nick Frost,1543
Kate Ashfield,1544
Lucy Davis,1545
Birol Ünel,1546
Sibel Kekilli,1547
Güven Kiraç,1548
Zarah Jane McKenzie,1549
Sean Penn,1550
Kevin Bacon,1551
Emmy Rossum,1552
Richard Griffiths,1553
Jet Li,1554
Ziyi Zhang,1555
Rosario Flores,1556
Javier Cámara,1557
Leonor Watling,1558
Branko Djuric,1559
Rene Bitorajac,1560
Filip Sovagovic,1561
Georges Siatidis,1562
Tensai Okamura,1563
Hiroyuki Okiura,1564
Yoshiyuki Takei,1565
Beau Billingslea,1566
Franka Potente,1567
Chris Cooper,1568
Gastón Pauls,1569
Graciela Tenenbaum,1570
María Mercedes Villagra,1571
Patrick Fugit,1572
Kate Hudson,1573
Naomi Watts,1574
Laura Harring,1575
Justin Theroux,1576
Jeanne Bates,1577
Ash Brannon,1578
Burt Reynolds,1579
Luis Guzmán,1580
Yoko Honna,1581
Issey Takahashi,1582
Takashi Tachibana,1583
Shigeru Muroi,1584
Rena Owen,1585
Temuera Morrison,1586
Mamaengaroa Kerr-Bell,1587
Julian Arahanga,1588
Christian Slater,1589
Dennis Hopper,1590
Juliette Binoche,1591
Zbigniew Zamachowski,1592
Benoît Régent,1593
Emi Shinohara,1594
Takeshi Aono,1595
Osamu Saka,1596
Penelope Ann Miller,1597
John Leguizamo,1598
Dianne Wiest,1599
Anthony Michael Hall,1600
Brenda Fricker,1601
Alison Whelan,1602
Kirsten Sheridan,1603
Martin Landau,1604
Bill Bernstein,1605
Claire Bloom,1606
Charles Martin Smith,1607
Barbara Hershey,1608
Jonathan Pryce,1609
Kim Greist,1610
Katherine Helmond,1611
Rob Reiner,1612
Michael McKean,1613
Christopher Guest,1614
Kimberly Stringer,1615
Peter Billingsley,1616
Melinda Dillon,1617
Darren McGavin,1618
Scott Schwartz,1619
John Belushi,1620
Dan Aykroyd,1621
Cab Calloway,1622
John Candy,1623
Mariel Hemingway,1624
Michael Murphy,1625
Ann Reinking,1626
Leland Palmer,1627
David Emge,1628
Ken Foree,1629
Scott H. Reiniger,1630
Gaylen Ross,1631
Alejandro Jodorowsky,1632
Horacio Salinas,1633
Zamira Saunders,1634
Juan Ferrara,1635
Magali Noël,1636
Bruno Zanin,1637
Pupella Maggio,1638
Armando Brancia,1639
Fernando Rey,1640
Delphine Seyrig,1641
Paul Frankeur,1642
Bulle Ogier,1643
Ruy Guerra,1644
Helena Rojo,1645
Del Negro,1646
Bud Cort,1647
Vivian Pickles,1648
Cyril Cusack,1649
Stephen Young,1650
Michael Strong,1651
Ernest Borgnine,1652
Robert Ryan,1653
Duane Jones,1654
Judith O'Dea,1655
Karl Hardman,1656
Marilyn Eastman,1657
Katharine Hepburn,1658
John Castle,1659
Sidney Poitier,1660
Warren Oates,1661
Lee Grant,1662
James Coburn,1663
Frank Sinatra,1664
Laurence Harvey,1665
Angela Lansbury,1666
Jean Simmons,1667
Gabriele Ferzetti,1668
Monica Vitti,1669
Lea Massari,1670
Dominique Blanchar,1671
Eiji Okada,1672
Stella Dassas,1673
Pierre Barbaud,1674
Yul Brynner,1675
Jeffrey Hunter,1676
Ward Bond,1677
James Dean,1678
Julie Harris,1679
Gary Cooper,1680
Lloyd Bridges,1681
Robert Walker,1682
Ruth Roman,1683
Leo G. Carroll,1684
Wallace Ford,1685
William H. Lynn,1686
Victoria Horne,1687
Edmund Gwenn,1688
Maureen O'Hara,1689
John Payne,1690
Gene Lockhart,1691
Louis Calhern,1692
John Ridgely,1693
Martha Vickers,1694
Jane Wyman,1695
Phillip Terry,1696
Howard Da Silva,1697
Ruth Hussey,1698
Rosalind Russell,1699
Ralph Bellamy,1700
William Keighley,1701
Errol Flynn,1702
Olivia de Havilland,1703
Basil Rathbone,1704
Edmund Goulding,1705
Groucho Marx,1706
Chico Marx,1707
Harpo Marx,1708
Ernest B. Schoedsack,1709
Fay Wray,1710
Robert Armstrong,1711
Bruce Cabot,1712
Leila Hyams,1713
Olga Baclanova,1714
Roscoe Ates,1715
Max Schreck,1716
Alexander Granach,1717
Gustav von Wangenheim,1718
Greta Schröder,1719
Charlie Hunnam,1720
Michelle Dockery,1721
Jeremy Strong,1722
Alia Bhatt,1723
Rajit Kapoor,1724
Shishir Sharma,1725
Olivia Cooke,1726
Paul Raci,1727
Lauren Ridloff,1728
Babak Karimi,1729
Mina Sadati,1730
Fionn Whitehead,1731
Barry Keoghan,1732
Mark Rylance,1733
Giuseppe Battiston,1734
Anna Foglietta,1735
Marco Giallini,1736
Edoardo Leo,1737
Taraji P. Henson,1738
Janelle Monáe,1739
Ben Whishaw,1740
Hugh Grant,1741
Hugh Bonneville,1742
Sally Hawkins,1743
Diljit Dosanjh,1744
Art Parkinson,1745
Kiara Advani,1746
Disha Patani,1747
Casey Affleck,1748
Michelle Williams,1749
Kyle Chandler,1750
Lucas Hedges,1751
Roland Møller,1752
Louis Hofmann,1753
Joel Basman,1754
Mikkel Boe Følsgaard,1755
Felicity Jones,1756
Diego Luna,1757
Alan Tudyk,1758
Jennifer Jason Leigh,1759
Walton Goggins,1760
Saoirse Ronan,1761
Florence Pugh,1762
Eliza Scanlen,1763
Hugh Welchman,1764
Douglas Booth,1765
Jerome Flynn,1766
Robert Gulaczyk,1767
Bill Nighy,1768
Imelda Staunton,1769
Dominic West,1770
Paddy Considine,1771
Ali Mosaffa,1772
Pauline Burlet,1773
Toni Servillo,1774
Carlo Verdone,1775
Sabrina Ferilli,1776
Carlo Buccirosso,1777
Lillete Dubey,1778
Annu Kapoor,1779
Dolly Ahluwalia,1780
Chris Williams,1781
Ryan Potter,1782
Scott Adsit,1783
Jamie Chung,1784
Lydia Wilson,1785
Sridevi,1786
Mehdi Nebbou,1787
Priya Anand,1788
Hideaki Anno,1789
Hidetoshi Nishijima,1790
Miori Takimoto,1791
Masahiko Nishimura,1792
Annie Potts,1793
Tony Hale,1794
Jim Sturgess,1795
Sylvia Hoeks,1796
Donald Sutherland,1797
Jared Gilman,1798
Kara Hayward,1799
Craig Ferguson,1800
Steve Carell,1801
Takako Matsu,1802
Yoshino Kimura,1803
Masaki Okada,1804
Lee Byung-Hun,1805
Jeon Gook-Hwan,1806
Ho-jin Chun,1807
Barkhad Abdi,1808
Barkhad Abdirahman,1809
Sae-ron Kim,1810
Tae-hoon Kim,1811
Hee-won Kim,1812
O'Shea Jackson Jr.,1813
Corey Hawkins,1814
Jason Mitchell,1815
Neil Brown Jr.,1816
Hye-ja Kim,1817
Jin Goo,1818
Je-mun Yun,1819
Kim Yoon-seok,1820
Yeong-hie Seo,1821
Yoo-Jeong Kim,1822
Martin Freeman,1823
Richard Armitage,1824
Ken Stott,1825
Christian Friedel,1826
Ernst Jacobi,1827
Leonie Benesch,1828
Michael Nyqvist,1829
Noomi Rapace,1830
Ewa Fröling,1831
Lena Endre,1832
Eddie Redmayne,1833
Alex Sharp,1834
Sacha Baron Cohen,1835
Magnus Millang,1836
Lars Ranthe,1837
Maggie Grace,1838
Famke Janssen,1839
Leland Orser,1840
Asa Butterfield,1841
David Thewlis,1842
Rupert Friend,1843
Zac Mattoon O'Brien,1844
Glen Hansard,1845
Markéta Irglová,1846
Hugh Walsh,1847
Gerard Hendrick,1848
Andy Serkis,1849
Baki Davrak,1850
Nurgül Yesilçay,1851
Tuncel Kurtiz,1852
Nursel Köse,1853
Carey Mulligan,1854
Denzel Washington,1855
Michelle Rodriguez,1856
Sarah Polley,1857
Linh Dan Pham,1858
Gerardo Taracena,1859
Raoul Max Trujillo,1860
Dalia Hernández,1861
Rudy Youngblood,1862
Valerie Faris,1863
Greg Kinnear,1864
Tilda Swinton,1865
Julia Ormond,1866
Kirron Kher,1867
Nicolas Bro,1868
Matthew Macfadyen,1869
Diane Ladd,1870
Iain Rea,1871
Tessa Mitchell,1872
Shôgo Furuya,1873
Tôru Emori,1874
Yoshiaki Umegaki,1875
Aya Okamoto,1876
Nathan Fillion,1877
Gina Torres,1878
Reese Witherspoon,1879
Andreas Wilson,1880
Henrik Lundström,1881
Gustaf Skarsgård,1882
Linda Zilliacus,1883
Rodrigo De la Serna,1884
Mía Maestro,1885
Mercedes Morán,1886
Oksana Akinshina,1887
Artyom Bogucharskiy,1888
Pavel Ponomaryov,1889
Lyubov Agapova,1890
Michèle Caucheteux,1891
Jean-Claude Donda,1892
Michel Robin,1893
Monica Viegas,1894
Lee Yeong-ae,1895
Kim Tae-Woo,1896
Jim Caviezel,1897
Christopher Adamson,1898
JB Blanc,1899
Trevor Jack Brooks,1900
Lorelei Linklater,1901
Wiley Wiggins,1902
Will Patton,1903
Wood Harris,1904
Ryan Hurst,1905
Yun-Fat Chow,1906
Michelle Yeoh,1907
Chen Chang,1908
Cecilia Roth,1909
Marisa Paredes,1910
Candela Peña,1911
Antonia San Juan,1912
Helen Hunt,1913
Paul Sanchez,1914
Lari White,1915
Sean Patrick Flanery,1916
Norman Reedus,1917
David Della Rocco,1918
Diane Venora,1919
Chris Owen,1920
Vicky Jenson,1921
Mike Myers,1922
Eddie Murphy,1923
Cameron Diaz,1924
Billy Zane,1925
Kathy Bates,1926
Takeshi Kitano,1927
Kayoko Kishimoto,1928
Ren Osugi,1929
Susumu Terajima,1930
Jude Law,1931
Gore Vidal,1932
Michael Douglas,1933
Deborah Kara Unger,1934
Emily Watson,1935
Katrin Cartlidge,1936
Jean-Marc Barr,1937
Sarah Jessica Parker,1938
Juliette Lewis,1939
Kevin Jarre,1940
Sam Elliott,1941
Tom Guiry,1942
Mike Vitar,1943
Art LaFleur,1944
Patrick Renna,1945
Emma Thompson,1946
John Haycraft,1947
Christopher Reeve,1948
Lesley Sharp,1949
Greg Cruttwell,1950
Sela Ward,1951
Lillo Brancato,1952
Francis Capra,1953
Boyd Kirkland,1954
Frank Paur,1955
Dan Riba,1956
Eric Radomski,1957
Teresa Mo,1958
Philip Chan,1959
Lisanne Falk,1960
Alan Randolph Scott,1961
Wladyslaw Kowalski,1962
Halina Gryglaszewska,1963
Kalina Jedrusik,1964
Cuba Gooding Jr.,1965
Hudhail Al-Amir,1966
Lloyd Avery II,1967
Frances Sternhagen,1968
Julie Kavner,1969
Ruth Nelson,1970
Kirsten Dunst,1971
Minami Takayama,1972
Rei Sakuma,1973
Kappei Yamaguchi,1974
Danny Lee,1975
Sally Yeh,1976
Kong Chu,1977
Thomas F. Wilson,1978
Brad Dourif,1979
Kevin Peter Hall,1980
Elpidia Carrillo,1981
Bruce Campbell,1982
Sarah Berry,1983
Dan Hicks,1984
Kassie Wesley DePaiva,1985
Alan Ruck,1986
Mia Sara,1987
Jeffrey Jones,1988
Tom Waits,1989
John Lurie,1990
Sean Astin,1991
Jeff Cohen,1992
Danny Glover,1993
Whoopi Goldberg,1994
Oprah Winfrey,1995
Margaret Avery,1996
Emilio Estevez,1997
Judd Nelson,1998
Molly Ringwald,1999
Ally Sheedy,2000
Sam Waterston,2001
Haing S. Ngor,2002
John Malkovich,2003
Julian Sands,2004
Harold Ramis,2005
Sam Shepard,2006
Scott Glenn,2007
Dennis Quaid,2008
Jerry Lewis,2009
Diahnne Abbott,2010
Sandra Bernhard,2011
Henry Thomas,2012
Drew Barrymore,2013
Peter Coyote,2014
Dee Wallace,2015
Jane Alexander,2016
Justin Henry,2017
Brooke Adams,2018
Linda Manz,2019
Sondra Locke,2020
Chief Dan George,2021
Bill McKinney,2022
Saeed Jaffrey,2023
Allen Garfield,2024
Barry Bostwick,2025
Jennifer Drake,2026
Eric Baugin,2027
Jean Topart,2028
Edward Fox,2029
Terence Alexander,2030
Michel Auclair,2031
Alan Badel,2032
Ramon Bieri,2033
Liza Minnelli,2034
Michael York,2035
Helmut Griem,2036
Joel Grey,2037
Jack Albertson,2038
Peter Ostrum,2039
Roy Kinnear,2040
Sylvia Miles,2041
John McGiver,2042
Alan Arkin,2043
Richard Crenna,2044
Efrem Zimbalist Jr.,2045
Katharine Houghton,2046
Warren Beatty,2047
Michael J. Pollard,2048
Rex Harrison,2049
Wilfrid Hyde-White,2050
Dick Van Dyke,2051
David Tomlinson,2052
Glynis Johns,2053
Andrew Marton,2054
Gerd Oswald,2055
Bernhard Wicki,2056
Darryl F. Zanuck,2057
Jeanne Moreau,2058
Oskar Werner,2059
Henri Serre,2060
Vanna Urbino,2061
Deborah Kerr,2062
Peter Wyngarde,2063
Megs Jenkins,2064
Michael Redgrave,2065
Jean-Paul Belmondo,2066
Jean Seberg,2067
Daniel Boulanger,2068
Henri-Jacques Huet,2069
Arthur Rosson,2070
Montgomery Clift,2071
Joanne Dru,2072
Walter Brennan,2073
Dolores Moran,2074
Macdonald Carey,2075
Henry Travers,2076
Claire Trevor,2077
Andy Devine,2078
Margaret Lockwood,2079
Paul Lukas,2080
May Whitty,2081
Charles Ruggles,2082
Walter Catlett,2083
Boris Karloff,2084
Colin Clive,2085
Zeppo Marx,2086
Richard Rosson,2087
Paul Muni,2088
Ann Dvorak,2089
Karen Morley,2090
Mae Clarke,2091
John Boles,2092
Yalitza Aparicio,2093
Marina de Tavira,2094
Diego Cortina Autrey,2095
Carlos Peralta,2096
Josh O'Connor,2097
Alec Secareanu,2098
Gemma Jones,2099
Ian Hart,2100
Kelsey Asbille,2101
Julia Jones,2102
Teo Briones,2103
Daniel Kaluuya,2104
Allison Williams,2105
Bradley Whitford,2106
Henry Cavill,2107
Ving Rhames,2108
Rolf Lassgård,2109
Bahar Pars,2110
Filip Berg,2111
Ida Engvoll,2112
Jemaine Clement,2113
Cori Gonzalez-Macuer,2114
Hiromasa Yonebayashi,2115
Sara Takatsuki,2116
Kasumi Arimura,2117
Nanako Matsushima,2118
Tom Prior,2119
Sophie Perry,2120
Taron Egerton,2121
Shailene Woodley,2122
Ansel Elgort,2123
Nat Wolff,2124
Thomas Mann,2125
RJ Cyler,2126
Nick Offerman,2127
Zach Galifianakis,2128
Andrea Riseborough,2129
Léa Seydoux,2130
Adèle Exarchopoulos,2131
Salim Kechiouche,2132
Aurélien Recoing,2133
Amit Sadh,2134
Amrita Puri,2135
Veerle Baetens,2136
Johan Heldenbergh,2137
Nell Cattrysse,2138
Geert Van Rampelberg,2139
Nargis Fakhri,2140
Shammi Kapoor,2141
Bruce Dern,2142
Will Forte,2143
June Squibb,2144
Bob Odenkirk,2145
John C. Reilly,2146
Jack McBrayer,2147
Jane Lynch,2148
Sarah Silverman,2149
Marion Cotillard,2150
Christina Hendricks,2151
Lucy Liu,2152
Kurt Fuller,2153
Phil Lord,2154
Will Ferrell,2155
Elizabeth Banks,2156
Sandra Bullock,2157
Orto Ignatiussen,2158
Abraham Attah,2159
Emmanuel Affadzi,2160
Ricky Adelayitor,2161
Andrew Adote,2162
Jesse Eisenberg,2163
Justin Timberlake,2164
Jennifer Lawrence,2165
Justin Bartha,2166
Ed Helms,2167
Naomie Harris,2168
Jacki Weaver,2169
Zooey Deschanel,2170
Geoffrey Arend,2171
Tomoko Yamaguchi,2172
Frank Langella,2173
Michael Sheen,2174
Katsunosuke Hori,2175
Tôru Furuya,2176
Angelina Jolie,2177
Colm Feore,2178
Amy Ryan,2179
Gattlin Griffith,2180
Madeline Carroll,2181
Callan McAuliffe,2182
Rebecca De Mornay,2183
Anthony Edwards,2184
Riisa Naka,2185
Takuya Ishida,2186
Mitsutaka Itakura,2187
Ayami Kakiuchi,2188
Tatsuya Fujiwara,2189
Ken'ichi Matsuyama,2190
Asaka Seto,2191
Yû Kashii,2192
Thomas Turgoose,2193
Stephen Graham,2194
Jo Hartley,2195
Andrew Shim,2196
Alicia Vikander,2197
Sonoya Mizuno,2198
Sidse Babett Knudsen,2199
Neeral Mulchandani,2200
Gillian Anderson,2201
Josh Hartnett,2202
Benno Fürmann,2203
Guillaume Canet,2204
Natalie Dessay,2205
Sam Riley,2206
Samantha Morton,2207
Craig Parkinson,2208
Byron Howard,2209
Mandy Moore,2210
Zachary Levi,2211
Donna Murphy,2212
Carice van Houten,2213
Thom Hoffman,2214
Halina Reijn,2215
Randy Quaid,2216
Ben Foster,2217
Karina Arroyave,2218
Stephen Chow,2219
Wah Yuen,2220
Qiu Yuen,2221
Siu-Lung Leung,2222
Brian Cox,2223
Aitana Sánchez-Gijón,2224
John Sharian,2225
Regina King,2226
Clifton Powell,2227
Giovanni Ribisi,2228
Anna Faris,2229
Eric Sykes,2230
Dakota Fanning,2231
Radha Mitchell,2232
Teri Hatcher,2233
John Hodgman,2234
Jennifer Saunders,2235
Billy Connolly,2236
William Atherton,2237
Eileen Walsh,2238
Dorothy Duffy,2239
Nora-Jane Noone,2240
Anne-Marie Duff,2241
Katrin Saß,2242
Chulpan Khamatova,2243
Florian Lukas,2244
Sarah Bolger,2245
Nicolas Cage,2246
Tyler Hoechlin,2247
Rob Maxey,2248
Liam Aiken,2249
Christian Berkel,2250
Oliver Stokowski,2251
Wotan Wilke Möhring,2252
Jamie Bell,2253
Julie Walters,2254
Jean Heywood,2255
Jamie Draven,2256
John Cameron Mitchell,2257
Miriam Shor,2258
Stephen Trask,2259
Theodore Liscinski,2260
Andrew Philpot,2261
John Rafter Lee,2262
Pamela Adlon,2263
Wendee Lee,2264
John Turturro,2265
Tim Blake Nelson,2266
Matthew Edison,2267
Trey Parker,2268
Matt Stone,2269
Mary Kay Bergman,2270
Isaac Hayes,2271
Ron Livingston,2272
David Herman,2273
Ajay Naidu,2274
Jane Adams,2275
Jon Lovitz,2276
Dylan Baker,2277
Seymour Cassel,2278
Eduardo Noriega,2279
Penélope Cruz,2280
Chete Lera,2281
Fele Martínez,2282
John Cusack,2283
Milla Jovovich,2284
Ian Holm,2285
Thierry Lhermitte,2286
Jacques Villeret,2287
Francis Huster,2288
Daniel Prévost,2289
Bruno Kirby,2290
Armin Mueller-Stahl,2291
Justin Braine,2292
Sonia Todd,2293
John Mahoney,2294
Kenneth Branagh,2295
Liesel Matthews,2296
Eleanor Bron,2297
Liam Cunningham,2298
Rusty Schwimmer,2299
Leon Lai,2300
Michelle Reis,2301
Charlie Yeung,2302
Massimo Troisi,2303
Maria Grazia Cucinotta,2304
Brian O'Halloran,2305
Jeff Anderson,2306
Marilyn Ghigliotti,2307
Lisa Spoonauer,2308
Bruce Davison,2309
Roberta Maxwell,2310
Buzz Kilman,2311
Kermit the Frog,2312
Dave Goelz,2313
Miss Piggy,2314
Angela Bassett,2315
Delroy Lindo,2316
Spike Lee,2317
Russell Means,2318
Eric Schweig,2319
Shûichirô Moriyama,2320
Tokiko Katô,2321
Bunshi Katsura Vi,2322
Tsunehiko Kamijô,2323
Alec Baldwin,2324
Demi Moore,2325
Jessica Tandy,2326
Mary Stuart Masterson,2327
Mary-Louise Parker,2328
Judy Davis,2329
Bob Hoskins,2330
Joanna Cassidy,2331
Charles Fleischer,2332
Bernard-Pierre Donnadieu,2333
Gene Bervoets,2334
Johanna ter Steege,2335
Gwen Eckhaus,2336
Richard E. Grant,2337
Paul McGann,2338
Ralph Brown,2339
John Lone,2340
Joan Chen,2341
Ruocheng Ying,2342
Miranda Richardson,2343
Nigel Havers,2344
Helmut Qualtinger,2345
Elya Baskin,2346
Isabella Rossellini,2347
Kyle MacLachlan,2348
Jeff Daniels,2349
Irving Metzman,2350
Griffin Dunne,2351
Rosanna Arquette,2352
Verna Bloom,2353
Tommy Chong,2354
Patrick Horgan,2355
John Buckwalter,2356
Charlotte Rampling,2357
William Shatner,2358
DeForest Kelley,2359
James Doohan,2360
Brian Dennehy,2361
Mary Tyler Moore,2362
Judd Hirsch,2363
Timothy Hutton,2364
David Zucker,2365
Jerry Zucker,2366
Robert Hays,2367
Julie Hagerty,2368
Yasuo Yamada,2369
Eiko Masuyama,2370
Kiyoshi Kobayashi,2371
Makio Inoue,2372
Donald Pleasence,2373
Tony Moran,2374
Nancy Kyes,2375
Roman Polanski,2376
Isabelle Adjani,2377
Jo Van Fleet,2378
Georges Adet,2379
Frank Adu,2380
Hector Elizondo,2381
Cleavon Little,2382
Slim Pickens,2383
Harvey Korman,2384
John Randolph,2385
Jack Kehoe,2386
Biff McGuire,2387
Bruce Lee,2388
John Saxon,2389
Jim Kelly,2390
Ahna Capri,2391
Ronny Cox,2392
Tony Lo Bianco,2393
Andrew Robinson,2394
Harry Guardino,2395
Reni Santoni,2396
Mary Ure,2397
Patrick Wymark,2398
Herb Edelman,2399
Jean Sorel,2400
Michel Piccoli,2401
Geneviève Page,2402
Paul Scofield,2403
Wendy Hiller,2404
Leo McKern,2405
Ian Hendry,2406
John Fraser,2407
Stanley Baker,2408
Ulla Jacobsson,2409
James Booth,2410
Gert Fröbe,2411
Honor Blackman,2412
Shirley Eaton,2413
Rod Taylor,2414
Tippi Hedren,2415
Polly Bergen,2416
Lori Martin,2417
Karlheinz Böhm,2418
Anna Massey,2419
Maxine Audley,2420
Pierre Brasseur,2421
Juliette Mayniel,2422
Alexandre Rignault,2423
Kevin McCarthy,2424
Dana Wynter,2425
Larry Gates,2426
King Donovan,2427
Natalie Wood,2428
Sal Mineo,2429
Jim Backus,2430
Cecil Parker,2431
Herbert Lom,2432
Walter Hampden,2433
Barry Fitzgerald,2434
Michael Rennie,2435
Patricia Neal,2436
Hugh Marlowe,2437
Sam Jaffe,2438
Robert Morley,2439
Peter Bull,2440
Rita Hayworth,2441
Glenn Ford,2442
Samuel Armstrong,2443
Ford Beebe Jr.,2444
Norman Ferguson,2445
David Hand,2446
Gloria Stuart,2447
William Harrigan,2448
Bill Pullman,2449
John Cho,2450
Debra Messing,2451
Joseph Lee,2452
Michelle La,2453
Maryana Spivak,2454
Aleksey Rozin,2455
Matvey Novikov,2456
Marina Vasileva,2457
Brooklynn Prince,2458
Bria Vinaite,2459
Christopher Rivera,2460
Michael B. Jordan,2461
Charlie Pye Jr.,2462
Mckenna Grace,2463
Lindsay Duncan,2464
Michael Schwartz,2465
Zack Gottsagen,2466
Ann Owens,2467
Dakota Johnson,2468
Laia Costa,2469
Frederick Lau,2470
Franz Rogowski,2471
Burak Yigit,2472
Günes Sensoy,2473
Doga Zeynep Doguslu,2474
Tugba Sunguroglu,2475
Elit Iscan,2476
Jon Hamm,2477
Eiza González,2478
Alan Alda,2479
Sarah Vowell,2480
Huck Milner,2481
Don Hall,2482
Auli'i Cravalho,2483
Tessa Thompson,2484
Phylicia Rashad,2485
Aleksey Serebryakov,2486
Elena Lyadova,2487
Roman Madyanov,2488
Vladimir Vdovichenkov,2489
Gil Birmingham,2490
Steve Coogan,2491
Sophie Kennedy Clark,2492
Mare Winningham,2493
Keri Russell,2494
Kodi Smit-McPhee,2495
Hugo Silva,2496
Aura Garrido,2497
Ananda George,2498
Ray Sahetapy,2499
Donny Alamsyah,2500
Michael Peña,2501
Anna Kendrick,2502
America Ferrera,2503
Mirai Shida,2504
Lady Gaga,2505
Greg Grunberg,2506
Hailee Steinfeld,2507
Mikael Persbrandt,2508
Trine Dyrholm,2509
Markus Rygaard,2510
Wil Johnson,2511
Chris Renaud,2512
Jason Segel,2513
Russell Brand,2514
Seth Rogen,2515
Aaron Taylor-Johnson,2516
Garrett M. Brown,2517
Luis Tosar,2518
Alberto Ammann,2519
Antonio Resines,2520
Manuel Morón,2521
Antonio Banderas,2522
Elena Anaya,2523
Jan Cornet,2524
Abigail Breslin,2525
Jürgen Vogel,2526
Max Riemelt,2527
Jennifer Ulrich,2528
Mark Strong,2529
Quinton Aaron,2530
Tim McGraw,2531
Jae Head,2532
Richard Jenkins,2533
Haaz Sleiman,2534
Danai Gurira,2535
Hiam Abbass,2536
Rosario Dawson,2537
Michael Ealy,2538
Josef Altin,2539
Charlie Cox,2540
Claire Danes,2541
Sienna Miller,2542
Nora Twomey,2543
Evan McGuire,2544
Mick Lally,2545
Michelle Monaghan,2546
Sylvie Testud,2547
Pascal Greggory,2548
Li Sun,2549
Yong Dong,2550
Yun Qu,2551
Jessica Biel,2552
Rufus Sewell,2553
Gary Stretch,2554
Toby Kebbell,2555
Stuart Wolfenden,2556
Lena Headey,2557
David Wenham,2558
Jonathan Rhys Meyers,2559
Jackie Earle Haley,2560
Patrick Wilson,2561
Carla Gugino,2562
Malin Akerman,2563
Bridget Moynahan,2564
Leigh Whannell,2565
Ken Leung,2566
Brady Corbet,2567
Elisabeth Shue,2568
Chase Ellison,2569
Thibault Verhaeghe,2570
Joséphine Lebas-Joly,2571
Gaspard Ulliel,2572
Dominique Pinon,2573
Peter Dinklage,2574
Patricia Clarkson,2575
Bobby Cannavale,2576
Paul Benjamin,2577
Danny Huston,2578
Shin Ha-kyun,2579
Bae Doona,2580
Ji-Eun Lim,2581
Barry Pepper,2582
J. Mackye Gruber,2583
Ashton Kutcher,2584
Amy Smart,2585
Melora Walters,2586
Cillian Murphy,2587
Christopher Eccleston,2588
Alex Palmer,2589
Aki Maeda,2590
Tarô Yamamoto,2591
Anjelica Huston,2592
Ben Stiller,2593
Daniel Giménez Cacho,2594
Ana López Mercado,2595
Maggie Smith,2596
Alakina Mann,2597
Rachel Griffiths,2598
Joseph Fiennes,2599
Rachel Weisz,2600
Vicellous Shannon,2601
Josh Lucas,2602
Bill Sage,2603
Herbert Knaup,2604
Nina Petri,2605
Kirk Acevedo,2606
Barry Cook,2607
Ming-Na Wen,2608
BD Wong,2609
Tobey Maguire,2610
Michael Lee Gogin,2611
Susanne Lothar,2612
Arno Frisch,2613
Frank Giering,2614
Kiefer Sutherland,2615
William Hurt,2616
Jason Patric,2617
John Roselius,2618
Louis Eppolito,2619
James Fleet,2620
Gary Farmer,2621
Lance Henriksen,2622
Annie Corley,2623
Victor Slezak,2624
Janusz Gajos,2625
Jerzy Stuhr,2626
Rachel Ticotin,2627
Jason London,2628
Rory Cochrane,2629
Ralph Macchio,2630
Mitchell Whitfield,2631
Miki Imai,2632
Toshirô Yanagiba,2633
Mayumi Izuka,2634
Jean-Pierre Jeunet,2635
Marie-Laure Dougnac,2636
Pascal Benezech,2637
Macaulay Culkin,2638
Daniel Stern,2639
John Heard,2640
Andy Garcia,2641
Meg Ryan,2642
Jodi Benson,2643
Samuel E. Wright,2644
Rene Auberjonois,2645
Leslie Nielsen,2646
Priscilla Presley,2647
O.J. Simpson,2648
Ricardo Montalban,2649
Steve Martin,2650
Laila Robins,2651
Gary Busey,2652
Mitchell Ryan,2653
John Getz,2654
Dan Hedaya,2655
Jane Fonda,2656
Doug McKeon,2657
Bruce Spence,2658
Michael Preston,2659
Max Phipps,2660
Michael Beck,2661
James Remar,2662
Dorsey Wright,2663
Brian Tyler,2664
Jim Henson,2665
Frank Oz,2666
Jerry Nelson,2667
Richard Hunt,2668
Roberts Blossom,2669
Jack Thibeau,2670
John Hubley,2671
Richard Briers,2672
Ralph Richardson,2673
Brad Davis,2674
Irene Miracle,2675
Bo Hopkins,2676
Paolo Bonacelli,2677
François Truffaut,2678
Teri Garr,2679
Elliott Gould,2680
Nina van Pallandt,2681
Mark Rydell,2682
Romolo Valli,2683
Maria Monti,2684
Telly Savalas,2685
Carroll O'Connor,2686
Phil Harris,2687
Sebastian Cabot,2688
Louis Prima,2689
Bruce Reitherman,2690
David Hemmings,2691
Vanessa Redgrave,2692
Sarah Miles,2693
John Lennon,2694
Paul McCartney,2695
George Harrison,2696
Ringo Starr,2697
George Peppard,2698
Buddy Ebsen,2699
Rock Hudson,2700
Carroll Baker,2701
Tallulah Bankhead,2702
John Hodiak,2703
Walter Slezak,2704
William Bendix,2705
Robert Donat,2706
Madeleine Carroll,2707
Lucie Mannheim,2708
Godfrey Tearle,2709
